{"cameraMode":{"drawMode":0,"name":"Shaded","section":"Shading Mode"},"sceneLighting":true,"audioPlay":false,"sceneViewState":{"m_AlwaysRefresh":false,"showFog":true,"showSkybox":true,"showFlares":true,"showImageEffects":true,"showParticleSystems":true,"showVisualEffectGraphs":true,"m_FxEnabled":true},"in2DMode":false,"pivot":{"x":1.2091331481933594,"y":32.23908233642578,"z":30.962427139282228},"rotation":{"x":0.17687232792377473,"y":0.7345423698425293,"z":-0.20963552594184876,"w":0.6208487749099731},"size":55.73359680175781,"orthographic":false}